INSERT INTO department (id, department_name) VALUES (1, 'Автоматики и Информационных технологий');
INSERT INTO department (id, department_name) VALUES (2, 'Теплоэнергетический');
INSERT INTO department (id, department_name) VALUES (3, 'Инженерно-технологический');
INSERT INTO speciality (id, speciality_name, department_id) VALUES (1, 'Speciality_80907178_0', 1);
INSERT INTO speciality (id, speciality_name, department_id) VALUES (2, 'Speciality_80907178_1', 1);
INSERT INTO speciality (id, speciality_name, department_id) VALUES (3, 'Speciality_80907178_2', 1);
INSERT INTO speciality (id, speciality_name, department_id) VALUES (4, 'Speciality_-222668312_0', 2);
INSERT INTO speciality (id, speciality_name, department_id) VALUES (5, 'Speciality_-222668312_1', 2);
INSERT INTO speciality (id, speciality_name, department_id) VALUES (6, 'Speciality_-222668312_2', 2);
INSERT INTO speciality (id, speciality_name, department_id) VALUES (7, 'Speciality_1041533240_0', 3);
INSERT INTO speciality (id, speciality_name, department_id) VALUES (8, 'Speciality_1041533240_1', 3);
INSERT INTO speciality (id, speciality_name, department_id) VALUES (9, 'Speciality_1041533240_2', 3);
INSERT INTO student (id, address, first_name, last_name, middle_name, phone, year, speciality_id) VALUES (1, 'Москва', 'Евгений', 'Никитин', 'Викторович', '7119802788', 2014, 1);
INSERT INTO student (id, address, first_name, last_name, middle_name, phone, year, speciality_id) VALUES (2, 'Москва', 'Николай', 'Путин', 'Викторович', '7108601243', 2011, 1);
INSERT INTO student (id, address, first_name, last_name, middle_name, phone, year, speciality_id) VALUES (3, 'Ростов', 'Петр', 'Иванов', 'Степанович', '7406263440', 2018, 1);
INSERT INTO student (id, address, first_name, last_name, middle_name, phone, year, speciality_id) VALUES (4, 'Самара', 'Петр', 'Никитин', 'Александрович', '7952667845', 2012, 1);
INSERT INTO student (id, address, first_name, last_name, middle_name, phone, year, speciality_id) VALUES (5, 'Москва', 'Петр', 'Петров', 'Александрович', '7774274208', 2016, 1);
INSERT INTO student (id, address, first_name, last_name, middle_name, phone, year, speciality_id) VALUES (6, 'Самара', 'Евгений', 'Сидоров', 'Степанович', '7929883364', 2017, 1);
INSERT INTO student (id, address, first_name, last_name, middle_name, phone, year, speciality_id) VALUES (7, 'Тольятти', 'Николай', 'Сидоров', 'Александрович', '7888795207', 2015, 1);
INSERT INTO student (id, address, first_name, last_name, middle_name, phone, year, speciality_id) VALUES (8, 'Санкт-Петербург', 'Петр', 'Никитин', 'Степанович', '7836041938', 2017, 1);
INSERT INTO student (id, address, first_name, last_name, middle_name, phone, year, speciality_id) VALUES (9, 'Самара', 'Александр', 'Сидоров', 'Николаевич', '7855068717', 2017, 1);
INSERT INTO student (id, address, first_name, last_name, middle_name, phone, year, speciality_id) VALUES (10, 'Москва', 'Петр', 'Сидоров', 'Николаевич', '7491249365', 2012, 1);
INSERT INTO student (id, address, first_name, last_name, middle_name, phone, year, speciality_id) VALUES (11, 'Самара', 'Евгений', 'Иванов', 'Викторович', '7331335993', 2011, 1);
INSERT INTO student (id, address, first_name, last_name, middle_name, phone, year, speciality_id) VALUES (12, 'Самара', 'Евгений', 'Иванов', 'Александрович', '7651981582', 2012, 1);
INSERT INTO student (id, address, first_name, last_name, middle_name, phone, year, speciality_id) VALUES (13, 'Ростов', 'Николай', 'Петров', 'Александрович', '7001396003', 2010, 1);
INSERT INTO student (id, address, first_name, last_name, middle_name, phone, year, speciality_id) VALUES (14, 'Тольятти', 'Виктор', 'Иванов', 'Степанович', '7741381358', 2011, 1);
INSERT INTO student (id, address, first_name, last_name, middle_name, phone, year, speciality_id) VALUES (15, 'Москва', 'Александр', 'Путин', 'Викторович', '7357500556', 2014, 1);
INSERT INTO student (id, address, first_name, last_name, middle_name, phone, year, speciality_id) VALUES (16, 'Ростов', 'Петр', 'Никитин', 'Степанович', '7401597148', 2013, 1);
INSERT INTO student (id, address, first_name, last_name, middle_name, phone, year, speciality_id) VALUES (17, 'Москва', 'Виктор', 'Иванов', 'Иванович', '7485576323', 2015, 1);
INSERT INTO student (id, address, first_name, last_name, middle_name, phone, year, speciality_id) VALUES (18, 'Тольятти', 'Петр', 'Иванов', 'Степанович', '7779241389', 2016, 1);
INSERT INTO student (id, address, first_name, last_name, middle_name, phone, year, speciality_id) VALUES (19, 'Москва', 'Виктор', 'Никитин', 'Викторович', '7110965199', 2010, 1);
INSERT INTO student (id, address, first_name, last_name, middle_name, phone, year, speciality_id) VALUES (20, 'Санкт-Петербург', 'Евгений', 'Петров', 'Степанович', '7066347276', 2017, 1);
INSERT INTO student (id, address, first_name, last_name, middle_name, phone, year, speciality_id) VALUES (21, 'Самара', 'Александр', 'Путин', 'Иванович', '7855654573', 2016, 2);
INSERT INTO student (id, address, first_name, last_name, middle_name, phone, year, speciality_id) VALUES (22, 'Москва', 'Петр', 'Петров', 'Александрович', '7676001917', 2010, 2);
INSERT INTO student (id, address, first_name, last_name, middle_name, phone, year, speciality_id) VALUES (23, 'Самара', 'Николай', 'Петров', 'Иванович', '7297420723', 2014, 2);
INSERT INTO student (id, address, first_name, last_name, middle_name, phone, year, speciality_id) VALUES (24, 'Санкт-Петербург', 'Александр', 'Сидоров', 'Степанович', '7322307871', 2018, 2);
INSERT INTO student (id, address, first_name, last_name, middle_name, phone, year, speciality_id) VALUES (25, 'Самара', 'Александр', 'Петров', 'Иванович', '7363458702', 2018, 2);
INSERT INTO student (id, address, first_name, last_name, middle_name, phone, year, speciality_id) VALUES (26, 'Ростов', 'Виктор', 'Путин', 'Александрович', '7481102526', 2013, 2);
INSERT INTO student (id, address, first_name, last_name, middle_name, phone, year, speciality_id) VALUES (27, 'Самара', 'Виктор', 'Петров', 'Иванович', '7114293661', 2010, 2);
INSERT INTO student (id, address, first_name, last_name, middle_name, phone, year, speciality_id) VALUES (28, 'Ростов', 'Виктор', 'Иванов', 'Николаевич', '7069080500', 2014, 2);
INSERT INTO student (id, address, first_name, last_name, middle_name, phone, year, speciality_id) VALUES (29, 'Тольятти', 'Евгений', 'Петров', 'Николаевич', '7369567745', 2010, 2);
INSERT INTO student (id, address, first_name, last_name, middle_name, phone, year, speciality_id) VALUES (30, 'Самара', 'Петр', 'Сидоров', 'Викторович', '7023060882', 2012, 2);
INSERT INTO student (id, address, first_name, last_name, middle_name, phone, year, speciality_id) VALUES (31, 'Санкт-Петербург', 'Александр', 'Иванов', 'Александрович', '7038471727', 2016, 2);
INSERT INTO student (id, address, first_name, last_name, middle_name, phone, year, speciality_id) VALUES (32, 'Ростов', 'Виктор', 'Петров', 'Степанович', '7793015154', 2012, 2);
INSERT INTO student (id, address, first_name, last_name, middle_name, phone, year, speciality_id) VALUES (33, 'Тольятти', 'Петр', 'Сидоров', 'Викторович', '7907348639', 2011, 2);
INSERT INTO student (id, address, first_name, last_name, middle_name, phone, year, speciality_id) VALUES (34, 'Ростов', 'Петр', 'Сидоров', 'Степанович', '7750199782', 2015, 2);
INSERT INTO student (id, address, first_name, last_name, middle_name, phone, year, speciality_id) VALUES (35, 'Тольятти', 'Петр', 'Путин', 'Викторович', '7039874834', 2010, 2);
INSERT INTO student (id, address, first_name, last_name, middle_name, phone, year, speciality_id) VALUES (36, 'Санкт-Петербург', 'Евгений', 'Петров', 'Викторович', '7575911312', 2018, 2);
INSERT INTO student (id, address, first_name, last_name, middle_name, phone, year, speciality_id) VALUES (37, 'Самара', 'Виктор', 'Путин', 'Степанович', '7307990211', 2017, 2);
INSERT INTO student (id, address, first_name, last_name, middle_name, phone, year, speciality_id) VALUES (38, 'Самара', 'Николай', 'Путин', 'Степанович', '7701729789', 2018, 2);
INSERT INTO student (id, address, first_name, last_name, middle_name, phone, year, speciality_id) VALUES (39, 'Санкт-Петербург', 'Виктор', 'Путин', 'Степанович', '7629757175', 2017, 2);
INSERT INTO student (id, address, first_name, last_name, middle_name, phone, year, speciality_id) VALUES (40, 'Москва', 'Петр', 'Путин', 'Викторович', '7747131620', 2013, 2);
INSERT INTO student (id, address, first_name, last_name, middle_name, phone, year, speciality_id) VALUES (41, 'Санкт-Петербург', 'Петр', 'Иванов', 'Степанович', '7715573287', 2010, 3);
INSERT INTO student (id, address, first_name, last_name, middle_name, phone, year, speciality_id) VALUES (42, 'Москва', 'Петр', 'Сидоров', 'Николаевич', '7335559010', 2014, 3);
INSERT INTO student (id, address, first_name, last_name, middle_name, phone, year, speciality_id) VALUES (43, 'Санкт-Петербург', 'Петр', 'Иванов', 'Степанович', '7741053599', 2011, 3);
INSERT INTO student (id, address, first_name, last_name, middle_name, phone, year, speciality_id) VALUES (44, 'Ростов', 'Евгений', 'Сидоров', 'Иванович', '7281882068', 2018, 3);
INSERT INTO student (id, address, first_name, last_name, middle_name, phone, year, speciality_id) VALUES (45, 'Москва', 'Виктор', 'Сидоров', 'Иванович', '7496870556', 2018, 3);
INSERT INTO student (id, address, first_name, last_name, middle_name, phone, year, speciality_id) VALUES (46, 'Самара', 'Евгений', 'Петров', 'Иванович', '7925512763', 2013, 3);
INSERT INTO student (id, address, first_name, last_name, middle_name, phone, year, speciality_id) VALUES (47, 'Санкт-Петербург', 'Евгений', 'Сидоров', 'Иванович', '7945676638', 2017, 3);
INSERT INTO student (id, address, first_name, last_name, middle_name, phone, year, speciality_id) VALUES (48, 'Тольятти', 'Петр', 'Петров', 'Николаевич', '7447305126', 2018, 3);
INSERT INTO student (id, address, first_name, last_name, middle_name, phone, year, speciality_id) VALUES (49, 'Самара', 'Евгений', 'Петров', 'Николаевич', '7824126634', 2018, 3);
INSERT INTO student (id, address, first_name, last_name, middle_name, phone, year, speciality_id) VALUES (50, 'Тольятти', 'Евгений', 'Петров', 'Степанович', '7750452129', 2016, 3);
INSERT INTO student (id, address, first_name, last_name, middle_name, phone, year, speciality_id) VALUES (51, 'Санкт-Петербург', 'Виктор', 'Сидоров', 'Викторович', '7924483603', 2012, 3);
INSERT INTO student (id, address, first_name, last_name, middle_name, phone, year, speciality_id) VALUES (52, 'Санкт-Петербург', 'Евгений', 'Никитин', 'Степанович', '7798474394', 2017, 3);
INSERT INTO student (id, address, first_name, last_name, middle_name, phone, year, speciality_id) VALUES (53, 'Самара', 'Николай', 'Иванов', 'Александрович', '7723414526', 2016, 3);
INSERT INTO student (id, address, first_name, last_name, middle_name, phone, year, speciality_id) VALUES (54, 'Самара', 'Николай', 'Никитин', 'Александрович', '7844075972', 2017, 3);
INSERT INTO student (id, address, first_name, last_name, middle_name, phone, year, speciality_id) VALUES (55, 'Санкт-Петербург', 'Николай', 'Сидоров', 'Николаевич', '7878259128', 2012, 3);
INSERT INTO student (id, address, first_name, last_name, middle_name, phone, year, speciality_id) VALUES (56, 'Ростов', 'Александр', 'Петров', 'Николаевич', '7299332375', 2012, 3);
INSERT INTO student (id, address, first_name, last_name, middle_name, phone, year, speciality_id) VALUES (57, 'Ростов', 'Александр', 'Петров', 'Степанович', '7091171677', 2011, 3);
INSERT INTO student (id, address, first_name, last_name, middle_name, phone, year, speciality_id) VALUES (58, 'Санкт-Петербург', 'Евгений', 'Никитин', 'Александрович', '7594453010', 2014, 3);
INSERT INTO student (id, address, first_name, last_name, middle_name, phone, year, speciality_id) VALUES (59, 'Санкт-Петербург', 'Петр', 'Путин', 'Иванович', '7969130163', 2011, 3);
INSERT INTO student (id, address, first_name, last_name, middle_name, phone, year, speciality_id) VALUES (60, 'Санкт-Петербург', 'Александр', 'Петров', 'Александрович', '7777621179', 2018, 3);
INSERT INTO student (id, address, first_name, last_name, middle_name, phone, year, speciality_id) VALUES (61, 'Ростов', 'Петр', 'Никитин', 'Степанович', '7867148092', 2014, 4);
INSERT INTO student (id, address, first_name, last_name, middle_name, phone, year, speciality_id) VALUES (62, 'Ростов', 'Николай', 'Сидоров', 'Викторович', '7482769639', 2011, 4);
INSERT INTO student (id, address, first_name, last_name, middle_name, phone, year, speciality_id) VALUES (63, 'Санкт-Петербург', 'Александр', 'Иванов', 'Иванович', '7989079866', 2012, 4);
INSERT INTO student (id, address, first_name, last_name, middle_name, phone, year, speciality_id) VALUES (64, 'Тольятти', 'Евгений', 'Сидоров', 'Александрович', '7837926330', 2015, 4);
INSERT INTO student (id, address, first_name, last_name, middle_name, phone, year, speciality_id) VALUES (65, 'Самара', 'Виктор', 'Путин', 'Иванович', '7509718496', 2011, 4);
INSERT INTO student (id, address, first_name, last_name, middle_name, phone, year, speciality_id) VALUES (66, 'Тольятти', 'Евгений', 'Сидоров', 'Степанович', '7119378002', 2013, 4);
INSERT INTO student (id, address, first_name, last_name, middle_name, phone, year, speciality_id) VALUES (67, 'Самара', 'Николай', 'Петров', 'Викторович', '7068468203', 2011, 4);
INSERT INTO student (id, address, first_name, last_name, middle_name, phone, year, speciality_id) VALUES (68, 'Тольятти', 'Петр', 'Иванов', 'Степанович', '7028999996', 2011, 4);
INSERT INTO student (id, address, first_name, last_name, middle_name, phone, year, speciality_id) VALUES (69, 'Самара', 'Николай', 'Путин', 'Викторович', '7758584456', 2013, 4);
INSERT INTO student (id, address, first_name, last_name, middle_name, phone, year, speciality_id) VALUES (70, 'Тольятти', 'Николай', 'Петров', 'Николаевич', '7296656435', 2013, 4);
INSERT INTO student (id, address, first_name, last_name, middle_name, phone, year, speciality_id) VALUES (71, 'Ростов', 'Виктор', 'Путин', 'Иванович', '7062801125', 2016, 4);
INSERT INTO student (id, address, first_name, last_name, middle_name, phone, year, speciality_id) VALUES (72, 'Самара', 'Петр', 'Иванов', 'Иванович', '7090760995', 2014, 4);
INSERT INTO student (id, address, first_name, last_name, middle_name, phone, year, speciality_id) VALUES (73, 'Москва', 'Евгений', 'Путин', 'Степанович', '7138141171', 2018, 4);
INSERT INTO student (id, address, first_name, last_name, middle_name, phone, year, speciality_id) VALUES (74, 'Санкт-Петербург', 'Виктор', 'Путин', 'Степанович', '7699458106', 2018, 4);
INSERT INTO student (id, address, first_name, last_name, middle_name, phone, year, speciality_id) VALUES (75, 'Москва', 'Александр', 'Путин', 'Викторович', '7478847351', 2010, 4);
INSERT INTO student (id, address, first_name, last_name, middle_name, phone, year, speciality_id) VALUES (76, 'Санкт-Петербург', 'Александр', 'Сидоров', 'Иванович', '7311242777', 2015, 4);
INSERT INTO student (id, address, first_name, last_name, middle_name, phone, year, speciality_id) VALUES (77, 'Самара', 'Николай', 'Иванов', 'Николаевич', '7288222409', 2015, 4);
INSERT INTO student (id, address, first_name, last_name, middle_name, phone, year, speciality_id) VALUES (78, 'Москва', 'Александр', 'Никитин', 'Иванович', '7891661915', 2010, 4);
INSERT INTO student (id, address, first_name, last_name, middle_name, phone, year, speciality_id) VALUES (79, 'Москва', 'Александр', 'Путин', 'Степанович', '7924882685', 2018, 4);
INSERT INTO student (id, address, first_name, last_name, middle_name, phone, year, speciality_id) VALUES (80, 'Москва', 'Виктор', 'Иванов', 'Иванович', '7967453655', 2013, 4);
INSERT INTO student (id, address, first_name, last_name, middle_name, phone, year, speciality_id) VALUES (81, 'Москва', 'Александр', 'Никитин', 'Александрович', '7415217287', 2012, 5);
INSERT INTO student (id, address, first_name, last_name, middle_name, phone, year, speciality_id) VALUES (82, 'Ростов', 'Евгений', 'Никитин', 'Иванович', '7355199624', 2013, 5);
INSERT INTO student (id, address, first_name, last_name, middle_name, phone, year, speciality_id) VALUES (83, 'Самара', 'Николай', 'Иванов', 'Николаевич', '7693874855', 2018, 5);
INSERT INTO student (id, address, first_name, last_name, middle_name, phone, year, speciality_id) VALUES (84, 'Москва', 'Петр', 'Иванов', 'Викторович', '7003583627', 2017, 5);
INSERT INTO student (id, address, first_name, last_name, middle_name, phone, year, speciality_id) VALUES (85, 'Ростов', 'Александр', 'Путин', 'Викторович', '7829021766', 2011, 5);
INSERT INTO student (id, address, first_name, last_name, middle_name, phone, year, speciality_id) VALUES (86, 'Москва', 'Александр', 'Никитин', 'Иванович', '7633083445', 2012, 5);
INSERT INTO student (id, address, first_name, last_name, middle_name, phone, year, speciality_id) VALUES (87, 'Тольятти', 'Виктор', 'Путин', 'Николаевич', '7274092801', 2014, 5);
INSERT INTO student (id, address, first_name, last_name, middle_name, phone, year, speciality_id) VALUES (88, 'Москва', 'Александр', 'Сидоров', 'Александрович', '7850964765', 2018, 5);
INSERT INTO student (id, address, first_name, last_name, middle_name, phone, year, speciality_id) VALUES (89, 'Тольятти', 'Николай', 'Путин', 'Александрович', '7330745906', 2014, 5);
INSERT INTO student (id, address, first_name, last_name, middle_name, phone, year, speciality_id) VALUES (90, 'Ростов', 'Виктор', 'Путин', 'Степанович', '7222983413', 2012, 5);
INSERT INTO student (id, address, first_name, last_name, middle_name, phone, year, speciality_id) VALUES (91, 'Самара', 'Петр', 'Никитин', 'Иванович', '7057618846', 2010, 5);
INSERT INTO student (id, address, first_name, last_name, middle_name, phone, year, speciality_id) VALUES (92, 'Тольятти', 'Евгений', 'Сидоров', 'Степанович', '7647467253', 2015, 5);
INSERT INTO student (id, address, first_name, last_name, middle_name, phone, year, speciality_id) VALUES (93, 'Тольятти', 'Николай', 'Никитин', 'Николаевич', '7256396718', 2016, 5);
INSERT INTO student (id, address, first_name, last_name, middle_name, phone, year, speciality_id) VALUES (94, 'Самара', 'Николай', 'Сидоров', 'Александрович', '7445010449', 2012, 5);
INSERT INTO student (id, address, first_name, last_name, middle_name, phone, year, speciality_id) VALUES (95, 'Ростов', 'Евгений', 'Никитин', 'Степанович', '7786993945', 2010, 5);
INSERT INTO student (id, address, first_name, last_name, middle_name, phone, year, speciality_id) VALUES (96, 'Самара', 'Александр', 'Никитин', 'Александрович', '7268252217', 2018, 5);
INSERT INTO student (id, address, first_name, last_name, middle_name, phone, year, speciality_id) VALUES (97, 'Ростов', 'Евгений', 'Сидоров', 'Викторович', '7803253914', 2014, 5);
INSERT INTO student (id, address, first_name, last_name, middle_name, phone, year, speciality_id) VALUES (98, 'Москва', 'Петр', 'Петров', 'Александрович', '7351317149', 2018, 5);
INSERT INTO student (id, address, first_name, last_name, middle_name, phone, year, speciality_id) VALUES (99, 'Санкт-Петербург', 'Евгений', 'Иванов', 'Николаевич', '7064948571', 2016, 5);
INSERT INTO student (id, address, first_name, last_name, middle_name, phone, year, speciality_id) VALUES (100, 'Ростов', 'Виктор', 'Иванов', 'Викторович', '7037163657', 2014, 5);
INSERT INTO student (id, address, first_name, last_name, middle_name, phone, year, speciality_id) VALUES (101, 'Ростов', 'Николай', 'Петров', 'Степанович', '7251759555', 2010, 6);
INSERT INTO student (id, address, first_name, last_name, middle_name, phone, year, speciality_id) VALUES (102, 'Тольятти', 'Виктор', 'Никитин', 'Николаевич', '7473290358', 2016, 6);
INSERT INTO student (id, address, first_name, last_name, middle_name, phone, year, speciality_id) VALUES (103, 'Москва', 'Александр', 'Иванов', 'Степанович', '7954120903', 2016, 6);
INSERT INTO student (id, address, first_name, last_name, middle_name, phone, year, speciality_id) VALUES (104, 'Ростов', 'Николай', 'Иванов', 'Степанович', '7853688240', 2012, 6);
INSERT INTO student (id, address, first_name, last_name, middle_name, phone, year, speciality_id) VALUES (105, 'Санкт-Петербург', 'Виктор', 'Петров', 'Степанович', '7880519615', 2018, 6);
INSERT INTO student (id, address, first_name, last_name, middle_name, phone, year, speciality_id) VALUES (106, 'Тольятти', 'Виктор', 'Петров', 'Степанович', '7300697607', 2018, 6);
INSERT INTO student (id, address, first_name, last_name, middle_name, phone, year, speciality_id) VALUES (107, 'Тольятти', 'Николай', 'Путин', 'Степанович', '7996386917', 2015, 6);
INSERT INTO student (id, address, first_name, last_name, middle_name, phone, year, speciality_id) VALUES (108, 'Санкт-Петербург', 'Виктор', 'Сидоров', 'Иванович', '7709538023', 2016, 6);
INSERT INTO student (id, address, first_name, last_name, middle_name, phone, year, speciality_id) VALUES (109, 'Москва', 'Николай', 'Иванов', 'Иванович', '7630362004', 2012, 6);
INSERT INTO student (id, address, first_name, last_name, middle_name, phone, year, speciality_id) VALUES (110, 'Ростов', 'Виктор', 'Путин', 'Иванович', '7076874587', 2010, 6);
INSERT INTO student (id, address, first_name, last_name, middle_name, phone, year, speciality_id) VALUES (111, 'Санкт-Петербург', 'Виктор', 'Путин', 'Иванович', '7124492927', 2010, 6);
INSERT INTO student (id, address, first_name, last_name, middle_name, phone, year, speciality_id) VALUES (112, 'Ростов', 'Петр', 'Никитин', 'Степанович', '7493010318', 2018, 6);
INSERT INTO student (id, address, first_name, last_name, middle_name, phone, year, speciality_id) VALUES (113, 'Ростов', 'Евгений', 'Никитин', 'Иванович', '7140982717', 2015, 6);
INSERT INTO student (id, address, first_name, last_name, middle_name, phone, year, speciality_id) VALUES (114, 'Санкт-Петербург', 'Виктор', 'Петров', 'Николаевич', '7558728375', 2016, 6);
INSERT INTO student (id, address, first_name, last_name, middle_name, phone, year, speciality_id) VALUES (115, 'Москва', 'Евгений', 'Путин', 'Александрович', '7150066118', 2017, 6);
INSERT INTO student (id, address, first_name, last_name, middle_name, phone, year, speciality_id) VALUES (116, 'Ростов', 'Николай', 'Путин', 'Александрович', '7751589005', 2014, 6);
INSERT INTO student (id, address, first_name, last_name, middle_name, phone, year, speciality_id) VALUES (117, 'Москва', 'Николай', 'Никитин', 'Иванович', '7863406442', 2015, 6);
INSERT INTO student (id, address, first_name, last_name, middle_name, phone, year, speciality_id) VALUES (118, 'Самара', 'Александр', 'Петров', 'Степанович', '7552784488', 2010, 6);
INSERT INTO student (id, address, first_name, last_name, middle_name, phone, year, speciality_id) VALUES (119, 'Санкт-Петербург', 'Николай', 'Иванов', 'Александрович', '7619297915', 2015, 6);
INSERT INTO student (id, address, first_name, last_name, middle_name, phone, year, speciality_id) VALUES (120, 'Ростов', 'Виктор', 'Сидоров', 'Викторович', '7451064255', 2011, 6);
INSERT INTO student (id, address, first_name, last_name, middle_name, phone, year, speciality_id) VALUES (121, 'Тольятти', 'Виктор', 'Сидоров', 'Николаевич', '7455360686', 2015, 7);
INSERT INTO student (id, address, first_name, last_name, middle_name, phone, year, speciality_id) VALUES (122, 'Москва', 'Николай', 'Петров', 'Александрович', '7543712014', 2010, 7);
INSERT INTO student (id, address, first_name, last_name, middle_name, phone, year, speciality_id) VALUES (123, 'Самара', 'Евгений', 'Петров', 'Степанович', '7287216766', 2010, 7);
INSERT INTO student (id, address, first_name, last_name, middle_name, phone, year, speciality_id) VALUES (124, 'Самара', 'Николай', 'Сидоров', 'Викторович', '7897155620', 2010, 7);
INSERT INTO student (id, address, first_name, last_name, middle_name, phone, year, speciality_id) VALUES (125, 'Тольятти', 'Николай', 'Петров', 'Иванович', '7175774488', 2012, 7);
INSERT INTO student (id, address, first_name, last_name, middle_name, phone, year, speciality_id) VALUES (126, 'Москва', 'Александр', 'Петров', 'Александрович', '7058010287', 2010, 7);
INSERT INTO student (id, address, first_name, last_name, middle_name, phone, year, speciality_id) VALUES (127, 'Самара', 'Евгений', 'Иванов', 'Иванович', '7606295273', 2017, 7);
INSERT INTO student (id, address, first_name, last_name, middle_name, phone, year, speciality_id) VALUES (128, 'Ростов', 'Николай', 'Сидоров', 'Иванович', '7036614767', 2016, 7);
INSERT INTO student (id, address, first_name, last_name, middle_name, phone, year, speciality_id) VALUES (129, 'Москва', 'Александр', 'Сидоров', 'Степанович', '7443165295', 2011, 7);
INSERT INTO student (id, address, first_name, last_name, middle_name, phone, year, speciality_id) VALUES (130, 'Санкт-Петербург', 'Петр', 'Сидоров', 'Александрович', '7343667721', 2011, 7);
INSERT INTO student (id, address, first_name, last_name, middle_name, phone, year, speciality_id) VALUES (131, 'Санкт-Петербург', 'Петр', 'Путин', 'Викторович', '7007015066', 2017, 7);
INSERT INTO student (id, address, first_name, last_name, middle_name, phone, year, speciality_id) VALUES (132, 'Тольятти', 'Александр', 'Сидоров', 'Иванович', '7229600960', 2016, 7);
INSERT INTO student (id, address, first_name, last_name, middle_name, phone, year, speciality_id) VALUES (133, 'Санкт-Петербург', 'Петр', 'Петров', 'Степанович', '7833658159', 2012, 7);
INSERT INTO student (id, address, first_name, last_name, middle_name, phone, year, speciality_id) VALUES (134, 'Самара', 'Петр', 'Путин', 'Степанович', '7626480639', 2017, 7);
INSERT INTO student (id, address, first_name, last_name, middle_name, phone, year, speciality_id) VALUES (135, 'Тольятти', 'Виктор', 'Путин', 'Викторович', '7351590057', 2011, 7);
INSERT INTO student (id, address, first_name, last_name, middle_name, phone, year, speciality_id) VALUES (136, 'Ростов', 'Евгений', 'Иванов', 'Викторович', '7234556489', 2014, 7);
INSERT INTO student (id, address, first_name, last_name, middle_name, phone, year, speciality_id) VALUES (137, 'Москва', 'Александр', 'Никитин', 'Викторович', '7478274583', 2011, 7);
INSERT INTO student (id, address, first_name, last_name, middle_name, phone, year, speciality_id) VALUES (138, 'Москва', 'Николай', 'Никитин', 'Иванович', '7215691722', 2012, 7);
INSERT INTO student (id, address, first_name, last_name, middle_name, phone, year, speciality_id) VALUES (139, 'Самара', 'Николай', 'Никитин', 'Иванович', '7428474169', 2014, 7);
INSERT INTO student (id, address, first_name, last_name, middle_name, phone, year, speciality_id) VALUES (140, 'Тольятти', 'Евгений', 'Сидоров', 'Степанович', '7273032315', 2011, 7);
INSERT INTO student (id, address, first_name, last_name, middle_name, phone, year, speciality_id) VALUES (141, 'Ростов', 'Александр', 'Петров', 'Александрович', '7024965323', 2018, 8);
INSERT INTO student (id, address, first_name, last_name, middle_name, phone, year, speciality_id) VALUES (142, 'Ростов', 'Виктор', 'Сидоров', 'Викторович', '7001080873', 2011, 8);
INSERT INTO student (id, address, first_name, last_name, middle_name, phone, year, speciality_id) VALUES (143, 'Ростов', 'Петр', 'Сидоров', 'Степанович', '7197609151', 2016, 8);
INSERT INTO student (id, address, first_name, last_name, middle_name, phone, year, speciality_id) VALUES (144, 'Санкт-Петербург', 'Евгений', 'Путин', 'Викторович', '7115587952', 2016, 8);
INSERT INTO student (id, address, first_name, last_name, middle_name, phone, year, speciality_id) VALUES (145, 'Ростов', 'Евгений', 'Путин', 'Николаевич', '7227472273', 2011, 8);
INSERT INTO student (id, address, first_name, last_name, middle_name, phone, year, speciality_id) VALUES (146, 'Ростов', 'Виктор', 'Сидоров', 'Иванович', '7722168059', 2015, 8);
INSERT INTO student (id, address, first_name, last_name, middle_name, phone, year, speciality_id) VALUES (147, 'Санкт-Петербург', 'Евгений', 'Иванов', 'Викторович', '7667890941', 2015, 8);
INSERT INTO student (id, address, first_name, last_name, middle_name, phone, year, speciality_id) VALUES (148, 'Самара', 'Виктор', 'Сидоров', 'Викторович', '7015483107', 2018, 8);
INSERT INTO student (id, address, first_name, last_name, middle_name, phone, year, speciality_id) VALUES (149, 'Москва', 'Александр', 'Петров', 'Степанович', '7905526092', 2018, 8);
INSERT INTO student (id, address, first_name, last_name, middle_name, phone, year, speciality_id) VALUES (150, 'Санкт-Петербург', 'Александр', 'Сидоров', 'Степанович', '7577956899', 2016, 8);
INSERT INTO student (id, address, first_name, last_name, middle_name, phone, year, speciality_id) VALUES (151, 'Москва', 'Петр', 'Никитин', 'Степанович', '7157515389', 2014, 8);
INSERT INTO student (id, address, first_name, last_name, middle_name, phone, year, speciality_id) VALUES (152, 'Москва', 'Александр', 'Никитин', 'Александрович', '7585071677', 2010, 8);
INSERT INTO student (id, address, first_name, last_name, middle_name, phone, year, speciality_id) VALUES (153, 'Самара', 'Виктор', 'Никитин', 'Викторович', '7770891366', 2010, 8);
INSERT INTO student (id, address, first_name, last_name, middle_name, phone, year, speciality_id) VALUES (154, 'Санкт-Петербург', 'Александр', 'Путин', 'Иванович', '7325647022', 2014, 8);
INSERT INTO student (id, address, first_name, last_name, middle_name, phone, year, speciality_id) VALUES (155, 'Ростов', 'Александр', 'Сидоров', 'Викторович', '7195877614', 2010, 8);
INSERT INTO student (id, address, first_name, last_name, middle_name, phone, year, speciality_id) VALUES (156, 'Москва', 'Николай', 'Петров', 'Александрович', '7390440973', 2016, 8);
INSERT INTO student (id, address, first_name, last_name, middle_name, phone, year, speciality_id) VALUES (157, 'Тольятти', 'Александр', 'Иванов', 'Викторович', '7358280275', 2010, 8);
INSERT INTO student (id, address, first_name, last_name, middle_name, phone, year, speciality_id) VALUES (158, 'Ростов', 'Виктор', 'Никитин', 'Степанович', '7657684519', 2012, 8);
INSERT INTO student (id, address, first_name, last_name, middle_name, phone, year, speciality_id) VALUES (159, 'Тольятти', 'Петр', 'Никитин', 'Николаевич', '7060737324', 2014, 8);
INSERT INTO student (id, address, first_name, last_name, middle_name, phone, year, speciality_id) VALUES (160, 'Тольятти', 'Виктор', 'Путин', 'Николаевич', '7589986488', 2013, 8);
INSERT INTO student (id, address, first_name, last_name, middle_name, phone, year, speciality_id) VALUES (161, 'Ростов', 'Николай', 'Никитин', 'Степанович', '7186564401', 2013, 9);
INSERT INTO student (id, address, first_name, last_name, middle_name, phone, year, speciality_id) VALUES (162, 'Москва', 'Виктор', 'Петров', 'Степанович', '7745805980', 2013, 9);
INSERT INTO student (id, address, first_name, last_name, middle_name, phone, year, speciality_id) VALUES (163, 'Москва', 'Николай', 'Сидоров', 'Степанович', '7916675724', 2015, 9);
INSERT INTO student (id, address, first_name, last_name, middle_name, phone, year, speciality_id) VALUES (164, 'Ростов', 'Петр', 'Петров', 'Александрович', '7163031465', 2012, 9);
INSERT INTO student (id, address, first_name, last_name, middle_name, phone, year, speciality_id) VALUES (165, 'Тольятти', 'Николай', 'Никитин', 'Николаевич', '7894971306', 2010, 9);
INSERT INTO student (id, address, first_name, last_name, middle_name, phone, year, speciality_id) VALUES (166, 'Ростов', 'Александр', 'Сидоров', 'Викторович', '7022542528', 2014, 9);
INSERT INTO student (id, address, first_name, last_name, middle_name, phone, year, speciality_id) VALUES (167, 'Москва', 'Александр', 'Петров', 'Степанович', '7277124867', 2014, 9);
INSERT INTO student (id, address, first_name, last_name, middle_name, phone, year, speciality_id) VALUES (168, 'Самара', 'Николай', 'Никитин', 'Иванович', '7522961772', 2011, 9);
INSERT INTO student (id, address, first_name, last_name, middle_name, phone, year, speciality_id) VALUES (169, 'Ростов', 'Александр', 'Иванов', 'Викторович', '7714200224', 2010, 9);
INSERT INTO student (id, address, first_name, last_name, middle_name, phone, year, speciality_id) VALUES (170, 'Тольятти', 'Виктор', 'Никитин', 'Степанович', '7140458346', 2011, 9);
INSERT INTO student (id, address, first_name, last_name, middle_name, phone, year, speciality_id) VALUES (171, 'Москва', 'Виктор', 'Сидоров', 'Александрович', '7972166894', 2018, 9);
INSERT INTO student (id, address, first_name, last_name, middle_name, phone, year, speciality_id) VALUES (172, 'Ростов', 'Виктор', 'Сидоров', 'Степанович', '7955349380', 2017, 9);
INSERT INTO student (id, address, first_name, last_name, middle_name, phone, year, speciality_id) VALUES (173, 'Санкт-Петербург', 'Виктор', 'Петров', 'Александрович', '7170424234', 2013, 9);
INSERT INTO student (id, address, first_name, last_name, middle_name, phone, year, speciality_id) VALUES (174, 'Москва', 'Петр', 'Сидоров', 'Викторович', '7882092141', 2017, 9);
INSERT INTO student (id, address, first_name, last_name, middle_name, phone, year, speciality_id) VALUES (175, 'Москва', 'Евгений', 'Петров', 'Николаевич', '7947389739', 2015, 9);
INSERT INTO student (id, address, first_name, last_name, middle_name, phone, year, speciality_id) VALUES (176, 'Тольятти', 'Виктор', 'Путин', 'Иванович', '7560696723', 2018, 9);
INSERT INTO student (id, address, first_name, last_name, middle_name, phone, year, speciality_id) VALUES (177, 'Ростов', 'Виктор', 'Сидоров', 'Николаевич', '7417813284', 2013, 9);
INSERT INTO student (id, address, first_name, last_name, middle_name, phone, year, speciality_id) VALUES (178, 'Тольятти', 'Николай', 'Никитин', 'Николаевич', '7593280532', 2015, 9);
INSERT INTO student (id, address, first_name, last_name, middle_name, phone, year, speciality_id) VALUES (179, 'Санкт-Петербург', 'Николай', 'Путин', 'Викторович', '7292525394', 2018, 9);
INSERT INTO student (id, address, first_name, last_name, middle_name, phone, year, speciality_id) VALUES (180, 'Ростов', 'Евгений', 'Сидоров', 'Викторович', '7395851176', 2012, 9);